{"cameraMode":{"drawMode":0,"name":"Shaded","section":"Shading Mode"},"sceneLighting":true,"audioPlay":false,"sceneViewState":{"showFog":true,"showMaterialUpdate":false,"showSkybox":true,"showFlares":true,"showImageEffects":true,"showParticleSystems":true},"in2DMode":false,"pivot":{"x":4.576200008392334,"y":0.9195932149887085,"z":1.3018556833267213},"rotation":{"x":0.32483330368995669,"y":0.6394967436790466,"z":-0.34224915504455569,"w":0.6069543361663818},"size":2.2017292976379396,"orthographic":false}