{"cameraMode":{"drawMode":0,"name":"Shaded","section":"Shading Mode"},"sceneLighting":true,"audioPlay":false,"sceneViewState":{"showFog":true,"showMaterialUpdate":false,"showSkybox":true,"showFlares":true,"showImageEffects":true,"showParticleSystems":true},"in2DMode":false,"pivot":{"x":4.147866249084473,"y":1.1998506784439088,"z":1.2605769634246827},"rotation":{"x":0.4496890902519226,"y":0.5171379446983337,"z":-0.3711449205875397,"w":0.626578688621521},"size":0.8502129912376404,"orthographic":false}